delivery_date,settlement_period,wind_mwh,solar_mwh,demand_mwh,price_gbp_per_mwh
2026-09-01,1,14.39,0.0,8.58,49.6
2026-09-01,2,10.23,0.0,10.71,59.24
2026-09-01,3,16.92,0.0,8.76,53.13
2026-09-01,4,8.3,0.0,9.16,55.13
2026-09-01,5,8.27,0.0,9.1,58.6
2026-09-01,6,13.45,0.0,9.16,57.14
2026-09-01,7,16.09,0.0,8.52,62.34
2026-09-01,8,14.98,0.0,9.52,46.73
2026-09-01,9,17.57,0.0,9.51,45.23
2026-09-01,10,8.97,0.0,11.04,57.49
2026-09-01,11,16.07,0.0,10.69,55.87
2026-09-01,12,17.73,0.0,9.64,56.25
2026-09-01,13,16.29,0.0,14.36,93.68
2026-09-01,14,13.77,0.67,14.61,74.1
2026-09-01,15,10.28,1.33,19.37,114.92
2026-09-01,16,10.33,2.0,18.8,119.67
2026-09-01,17,14.36,2.67,19.59,121.88
2026-09-01,18,10.1,3.33,19.3,135.48
2026-09-01,19,14.48,4.0,20.33,117.11
2026-09-01,20,15.29,4.67,18.99,122.11
2026-09-01,21,17.9,5.33,14.42,86.37
2026-09-01,22,14.85,6.0,15.03,91.62
2026-09-01,23,10.29,6.67,12.6,80.57
2026-09-01,24,10.68,7.33,13.13,95.63
2026-09-01,25,16.76,8.0,13.44,88.73
2026-09-01,26,11.96,7.33,15.24,84.01
2026-09-01,27,10.65,6.67,13.24,86.47
2026-09-01,28,10.63,6.0,14.25,94.55
2026-09-01,29,11.99,5.33,13.16,96.94
2026-09-01,30,13.1,4.67,12.77,74.13
2026-09-01,31,9.1,4.0,14.38,92.01
2026-09-01,32,12.22,3.33,12.69,82.16
2026-09-01,33,17.96,2.67,14.09,96.31
2026-09-01,34,16.61,2.0,12.53,90.3
2026-09-01,35,14.82,1.33,20.11,119.4
2026-09-01,36,14.41,0.67,18.83,123.43
2026-09-01,37,12.54,0.0,21.36,134.02
2026-09-01,38,10.63,0.0,20.0,117.29
2026-09-01,39,17.13,0.0,21.11,120.16
2026-09-01,40,14.39,0.0,20.33,116.67
2026-09-01,41,15.63,0.0,14.12,91.69
2026-09-01,42,13.3,0.0,12.5,80.78
2026-09-01,43,8.19,0.0,15.29,94.09
2026-09-01,44,16.32,0.0,13.42,74.39
2026-09-01,45,16.78,0.0,11.34,45.06
2026-09-01,46,12.86,0.0,8.71,61.25
2026-09-01,47,15.66,0.0,8.89,54.41
2026-09-01,48,13.5,0.0,9.3,63.94
