delivery_date,settlement_period,wind_mwh,solar_mwh,demand_mwh,price_gbp_per_mwh,total_generation_mwh,net_position_mwh,position,purchase_mwh,sale_mwh,purchase_cost_gbp,sale_revenue_gbp,net_market_cash_flow_gbp
2026-09-01,1,14.39,0.0,8.58,49.6,14.39,5.8100000000000005,LONG,0.0,5.8100000000000005,0.0,288.17600000000004,288.17600000000004
2026-09-01,2,10.23,0.0,10.71,59.24,10.23,-0.4800000000000004,SHORT,0.4800000000000004,0.0,28.435200000000027,0.0,-28.435200000000027
2026-09-01,3,16.92,0.0,8.76,53.13,16.92,8.160000000000002,LONG,0.0,8.160000000000002,0.0,433.5408000000001,433.5408000000001
2026-09-01,4,8.3,0.0,9.16,55.13,8.3,-0.8599999999999994,SHORT,0.8599999999999994,0.0,47.41179999999997,0.0,-47.41179999999997
2026-09-01,5,8.27,0.0,9.1,58.6,8.27,-0.8300000000000001,SHORT,0.8300000000000001,0.0,48.638000000000005,0.0,-48.638000000000005
2026-09-01,6,13.45,0.0,9.16,57.14,13.45,4.289999999999999,LONG,0.0,4.289999999999999,0.0,245.13059999999996,245.13059999999996
2026-09-01,7,16.09,0.0,8.52,62.34,16.09,7.57,LONG,0.0,7.57,0.0,471.91380000000004,471.91380000000004
2026-09-01,8,14.98,0.0,9.52,46.73,14.98,5.460000000000001,LONG,0.0,5.460000000000001,0.0,255.14580000000004,255.14580000000004
2026-09-01,9,17.57,0.0,9.51,45.23,17.57,8.06,LONG,0.0,8.06,0.0,364.5538,364.5538
2026-09-01,10,8.97,0.0,11.04,57.49,8.97,-2.0699999999999985,SHORT,2.0699999999999985,0.0,119.00429999999992,0.0,-119.00429999999992
2026-09-01,11,16.07,0.0,10.69,55.87,16.07,5.380000000000001,LONG,0.0,5.380000000000001,0.0,300.5806,300.5806
2026-09-01,12,17.73,0.0,9.64,56.25,17.73,8.09,LONG,0.0,8.09,0.0,455.0625,455.0625
2026-09-01,13,16.29,0.0,14.36,93.68,16.29,1.9299999999999997,LONG,0.0,1.9299999999999997,0.0,180.80239999999998,180.80239999999998
2026-09-01,14,13.77,0.67,14.61,74.1,14.44,-0.16999999999999993,SHORT,0.16999999999999993,0.0,12.596999999999994,0.0,-12.596999999999994
2026-09-01,15,10.28,1.33,19.37,114.92,11.61,-7.760000000000002,SHORT,7.760000000000002,0.0,891.7792000000002,0.0,-891.7792000000002
2026-09-01,16,10.33,2.0,18.8,119.67,12.33,-6.470000000000001,SHORT,6.470000000000001,0.0,774.2649000000001,0.0,-774.2649000000001
2026-09-01,17,14.36,2.67,19.59,121.88,17.03,-2.5599999999999987,SHORT,2.5599999999999987,0.0,312.01279999999986,0.0,-312.01279999999986
2026-09-01,18,10.1,3.33,19.3,135.48,13.43,-5.870000000000001,SHORT,5.870000000000001,0.0,795.2676000000001,0.0,-795.2676000000001
2026-09-01,19,14.48,4.0,20.33,117.11,18.48,-1.8499999999999979,SHORT,1.8499999999999979,0.0,216.65349999999975,0.0,-216.65349999999975
2026-09-01,20,15.29,4.67,18.99,122.11,19.96,0.9700000000000024,LONG,0.0,0.9700000000000024,0.0,118.44670000000029,118.44670000000029
2026-09-01,21,17.9,5.33,14.42,86.37,23.229999999999997,8.809999999999997,LONG,0.0,8.809999999999997,0.0,760.9196999999998,760.9196999999998
2026-09-01,22,14.85,6.0,15.03,91.62,20.85,5.820000000000002,LONG,0.0,5.820000000000002,0.0,533.2284000000002,533.2284000000002
2026-09-01,23,10.29,6.67,12.6,80.57,16.96,4.360000000000001,LONG,0.0,4.360000000000001,0.0,351.2852000000001,351.2852000000001
2026-09-01,24,10.68,7.33,13.13,95.63,18.009999999999998,4.879999999999997,LONG,0.0,4.879999999999997,0.0,466.6743999999997,466.6743999999997
2026-09-01,25,16.76,8.0,13.44,88.73,24.76,11.320000000000002,LONG,0.0,11.320000000000002,0.0,1004.4236000000002,1004.4236000000002
2026-09-01,26,11.96,7.33,15.24,84.01,19.29,4.049999999999999,LONG,0.0,4.049999999999999,0.0,340.24049999999994,340.24049999999994
2026-09-01,27,10.65,6.67,13.24,86.47,17.32,4.08,LONG,0.0,4.08,0.0,352.7976,352.7976
2026-09-01,28,10.63,6.0,14.25,94.55,16.630000000000003,2.3800000000000026,LONG,0.0,2.3800000000000026,0.0,225.02900000000022,225.02900000000022
2026-09-01,29,11.99,5.33,13.16,96.94,17.32,4.16,LONG,0.0,4.16,0.0,403.2704,403.2704
2026-09-01,30,13.1,4.67,12.77,74.13,17.77,5.0,LONG,0.0,5.0,0.0,370.65,370.65
2026-09-01,31,9.1,4.0,14.38,92.01,13.1,-1.2800000000000011,SHORT,1.2800000000000011,0.0,117.77280000000012,0.0,-117.77280000000012
2026-09-01,32,12.22,3.33,12.69,82.16,15.55,2.860000000000001,LONG,0.0,2.860000000000001,0.0,234.97760000000008,234.97760000000008
2026-09-01,33,17.96,2.67,14.09,96.31,20.630000000000003,6.540000000000003,LONG,0.0,6.540000000000003,0.0,629.8674000000003,629.8674000000003
2026-09-01,34,16.61,2.0,12.53,90.3,18.61,6.08,LONG,0.0,6.08,0.0,549.024,549.024
2026-09-01,35,14.82,1.33,20.11,119.4,16.15,-3.960000000000001,SHORT,3.960000000000001,0.0,472.8240000000001,0.0,-472.8240000000001
2026-09-01,36,14.41,0.67,18.83,123.43,15.08,-3.7499999999999982,SHORT,3.7499999999999982,0.0,462.8624999999998,0.0,-462.8624999999998
2026-09-01,37,12.54,0.0,21.36,134.02,12.54,-8.82,SHORT,8.82,0.0,1182.0564000000002,0.0,-1182.0564000000002
2026-09-01,38,10.63,0.0,20.0,117.29,10.63,-9.37,SHORT,9.37,0.0,1099.0073,0.0,-1099.0073
2026-09-01,39,17.13,0.0,21.11,120.16,17.13,-3.9800000000000004,SHORT,3.9800000000000004,0.0,478.2368,0.0,-478.2368
2026-09-01,40,14.39,0.0,20.33,116.67,14.39,-5.939999999999998,SHORT,5.939999999999998,0.0,693.0197999999997,0.0,-693.0197999999997
2026-09-01,41,15.63,0.0,14.12,91.69,15.63,1.5100000000000016,LONG,0.0,1.5100000000000016,0.0,138.45190000000014,138.45190000000014
2026-09-01,42,13.3,0.0,12.5,80.78,13.3,0.8000000000000007,LONG,0.0,0.8000000000000007,0.0,64.62400000000005,64.62400000000005
2026-09-01,43,8.19,0.0,15.29,94.09,8.19,-7.1,SHORT,7.1,0.0,668.039,0.0,-668.039
2026-09-01,44,16.32,0.0,13.42,74.39,16.32,2.9000000000000004,LONG,0.0,2.9000000000000004,0.0,215.73100000000002,215.73100000000002
2026-09-01,45,16.78,0.0,11.34,45.06,16.78,5.440000000000001,LONG,0.0,5.440000000000001,0.0,245.12640000000007,245.12640000000007
2026-09-01,46,12.86,0.0,8.71,61.25,12.86,4.149999999999999,LONG,0.0,4.149999999999999,0.0,254.18749999999991,254.18749999999991
2026-09-01,47,15.66,0.0,8.89,54.41,15.66,6.77,LONG,0.0,6.77,0.0,368.35569999999996,368.35569999999996
2026-09-01,48,13.5,0.0,9.3,63.94,13.5,4.199999999999999,LONG,0.0,4.199999999999999,0.0,268.54799999999994,268.54799999999994
